{
    "Fold_5": {
        "train_metrics": {
            "loss": [
                0.2793061137199402,
                0.29691705107688904,
                0.25930991768836975,
                0.24669663608074188,
                0.2811243534088135,
                0.26845723390579224,
                0.25541144609451294,
                0.26392754912376404,
                0.2935464382171631,
                0.2567858099937439,
                0.2634255886077881,
                0.2594926953315735,
                0.2617620527744293,
                0.261430561542511
            ],
            "accuracy": [
                0.9171052631578948,
                0.9166666666666666,
                0.9214912280701755,
                0.9236842105263158,
                0.9171052631578948,
                0.9210526315789473,
                0.9276315789473685,
                0.9267543859649123,
                0.9081140350877193,
                0.9265350877192983,
                0.9258771929824562,
                0.924780701754386,
                0.9291666666666667,
                0.9285087719298246
            ],
            "precision": [
                0.8698775386609288,
                0.8781867274774339,
                0.8810937220281387,
                0.8856385386082064,
                0.8735638908674223,
                0.8750533042238645,
                0.8884743005406255,
                0.8865876065735961,
                0.8591024854693196,
                0.8854845542391165,
                0.8823101405747771,
                0.8878092740634882,
                0.8933718603834518,
                0.88835302019432
            ],
            "recall": [
                0.9019802781446602,
                0.8984509689076098,
                0.9117413627511811,
                0.9202151083326131,
                0.9001907971050752,
                0.901901670814669,
                0.9168552745703848,
                0.9130224873575532,
                0.8921380660228073,
                0.9157451262052396,
                0.9137558192064456,
                0.9093744912598373,
                0.916715231731914,
                0.9100002738458545
            ],
            "f1_macro": [
                0.8818707878413914,
                0.8854112113666547,
                0.8920827054592481,
                0.8978383118122745,
                0.8834017728647062,
                0.8858882469910749,
                0.8998527060436787,
                0.8968700842258953,
                0.8701958647132096,
                0.8968225200058684,
                0.894567320396309,
                0.8955180817854069,
                0.9021611544650807,
                0.8970304044962687
            ],
            "f1_micro": [
                0.9171052631578948,
                0.9166666666666666,
                0.9214912280701755,
                0.9236842105263158,
                0.9171052631578948,
                0.9210526315789473,
                0.9276315789473685,
                0.9267543859649123,
                0.9081140350877193,
                0.9265350877192983,
                0.9258771929824562,
                0.924780701754386,
                0.9291666666666667,
                0.9285087719298246
            ]
        },
        "test_metrics": {
            "accuracy": 0.9420544337137841,
            "precision": 0.9111467814489966,
            "recall": 0.9167920108800501,
            "f1_macro": 0.9103963888546385,
            "f1_micro": 0.9420544337137841
        }
    }
}